timestamp,frame_file,subject,predicate,object,phase_hypothesis,source,go_zone,no_go_zone
00:00,assets/frames/frame_t000000000ms_000001.jpg,slide / diagram,displays,port layout & patient history,Setup & diagnostic case presentation,pipeline_simulated_activity_model,N/A (Slide),N/A (Slide)
00:03,assets/frames/frame_t000003000ms_000002.jpg,slide / diagram,displays,port layout & patient history,Setup & diagnostic case presentation,pipeline_simulated_activity_model,N/A (Slide),N/A (Slide)
00:06,assets/frames/frame_t000006000ms_000003.jpg,slide / diagram,displays,port layout & patient history,Setup & diagnostic case presentation,pipeline_simulated_activity_model,N/A (Slide),N/A (Slide)
00:09,assets/frames/frame_t000009000ms_000004.jpg,slide / diagram,displays,port layout & patient history,Setup & diagnostic case presentation,pipeline_simulated_activity_model,N/A (Slide),N/A (Slide)
00:12,assets/frames/frame_t000012000ms_000005.jpg,slide / diagram,displays,port layout & patient history,Setup & diagnostic case presentation,pipeline_simulated_activity_model,N/A (Slide),N/A (Slide)
00:15,assets/frames/frame_t000015000ms_000006.jpg,slide / diagram,displays,port layout & patient history,Setup & diagnostic case presentation,pipeline_simulated_activity_model,N/A (Slide),N/A (Slide)
00:18,assets/frames/frame_t000018000ms_000007.jpg,slide / diagram,displays,port layout & patient history,Setup & diagnostic case presentation,pipeline_simulated_activity_model,N/A (Slide),N/A (Slide)
00:21,assets/frames/frame_t000021000ms_000008.jpg,slide / diagram,displays,port layout & patient history,Setup & diagnostic case presentation,pipeline_simulated_activity_model,N/A (Slide),N/A (Slide)
00:24,assets/frames/frame_t000024000ms_000009.jpg,laparoscopic grasper,elevates,sigmoid mesocolon,Laparoscopic access and peritoneal cavity exploration,pipeline_simulated_activity_model,Sigmoid Mesocolic Traction Plane,Retroperitoneal Great Vessels & Pelvic Brim
00:27,assets/frames/frame_t000027000ms_000010.jpg,laparoscopic grasper,elevates,sigmoid mesocolon,Laparoscopic access and peritoneal cavity exploration,pipeline_simulated_activity_model,Sigmoid Mesocolic Traction Plane,Retroperitoneal Great Vessels & Pelvic Brim
00:30,assets/frames/frame_t000030000ms_000011.jpg,laparoscopic grasper,elevates,sigmoid mesocolon,Laparoscopic access and peritoneal cavity exploration,pipeline_simulated_activity_model,Sigmoid Mesocolic Traction Plane,Retroperitoneal Great Vessels & Pelvic Brim
00:33,assets/frames/frame_t000033000ms_000012.jpg,laparoscopic grasper,elevates,sigmoid mesocolon,Laparoscopic access and peritoneal cavity exploration,pipeline_simulated_activity_model,Sigmoid Mesocolic Traction Plane,Retroperitoneal Great Vessels & Pelvic Brim
00:36,assets/frames/frame_t000036000ms_000013.jpg,laparoscopic grasper,elevates,sigmoid mesocolon,Laparoscopic access and peritoneal cavity exploration,pipeline_simulated_activity_model,Sigmoid Mesocolic Traction Plane,Retroperitoneal Great Vessels & Pelvic Brim
00:39,assets/frames/frame_t000039000ms_000014.jpg,laparoscopic grasper,elevates,sigmoid mesocolon,Laparoscopic access and peritoneal cavity exploration,pipeline_simulated_activity_model,Sigmoid Mesocolic Traction Plane,Retroperitoneal Great Vessels & Pelvic Brim
00:42,assets/frames/frame_t000042000ms_000015.jpg,laparoscopic grasper,elevates,sigmoid mesocolon,Laparoscopic access and peritoneal cavity exploration,pipeline_simulated_activity_model,Sigmoid Mesocolic Traction Plane,Retroperitoneal Great Vessels & Pelvic Brim
00:45,assets/frames/frame_t000045000ms_000016.jpg,laparoscopic grasper,elevates,sigmoid mesocolon,Laparoscopic access and peritoneal cavity exploration,pipeline_simulated_activity_model,Sigmoid Mesocolic Traction Plane,Retroperitoneal Great Vessels & Pelvic Brim
00:48,assets/frames/frame_t000048000ms_000017.jpg,laparoscopic grasper,elevates,sigmoid mesocolon,Laparoscopic access and peritoneal cavity exploration,pipeline_simulated_activity_model,Sigmoid Mesocolic Traction Plane,Retroperitoneal Great Vessels & Pelvic Brim
00:51,assets/frames/frame_t000051000ms_000018.jpg,laparoscopic grasper,elevates,sigmoid mesocolon,Laparoscopic access and peritoneal cavity exploration,pipeline_simulated_activity_model,Sigmoid Mesocolic Traction Plane,Retroperitoneal Great Vessels & Pelvic Brim
00:54,assets/frames/frame_t000054000ms_000019.jpg,laparoscopic grasper,elevates,sigmoid mesocolon,Laparoscopic access and peritoneal cavity exploration,pipeline_simulated_activity_model,Sigmoid Mesocolic Traction Plane,Retroperitoneal Great Vessels & Pelvic Brim
00:57,assets/frames/frame_t000057000ms_000020.jpg,laparoscopic grasper,elevates,sigmoid mesocolon,Laparoscopic access and peritoneal cavity exploration,pipeline_simulated_activity_model,Sigmoid Mesocolic Traction Plane,Retroperitoneal Great Vessels & Pelvic Brim
01:00,assets/frames/frame_t000060000ms_000021.jpg,laparoscopic grasper,elevates,sigmoid mesocolon,Laparoscopic access and peritoneal cavity exploration,pipeline_simulated_activity_model,Sigmoid Mesocolic Traction Plane,Retroperitoneal Great Vessels & Pelvic Brim
01:03,assets/frames/frame_t000063000ms_000022.jpg,laparoscopic grasper,elevates,sigmoid mesocolon,Laparoscopic access and peritoneal cavity exploration,pipeline_simulated_activity_model,Sigmoid Mesocolic Traction Plane,Retroperitoneal Great Vessels & Pelvic Brim
01:06,assets/frames/frame_t000066000ms_000023.jpg,laparoscopic grasper,elevates,sigmoid mesocolon,Laparoscopic access and peritoneal cavity exploration,pipeline_simulated_activity_model,Sigmoid Mesocolic Traction Plane,Retroperitoneal Great Vessels & Pelvic Brim
01:09,assets/frames/frame_t000069000ms_000024.jpg,laparoscopic grasper,elevates,sigmoid mesocolon,Laparoscopic access and peritoneal cavity exploration,pipeline_simulated_activity_model,Sigmoid Mesocolic Traction Plane,Retroperitoneal Great Vessels & Pelvic Brim
01:12,assets/frames/frame_t000072000ms_000025.jpg,laparoscopic grasper,elevates,sigmoid mesocolon,Laparoscopic access and peritoneal cavity exploration,pipeline_simulated_activity_model,Sigmoid Mesocolic Traction Plane,Retroperitoneal Great Vessels & Pelvic Brim
01:15,assets/frames/frame_t000075000ms_000026.jpg,laparoscopic grasper,elevates,sigmoid mesocolon,Laparoscopic access and peritoneal cavity exploration,pipeline_simulated_activity_model,Sigmoid Mesocolic Traction Plane,Retroperitoneal Great Vessels & Pelvic Brim
01:18,assets/frames/frame_t000078000ms_000027.jpg,title card,marks,dissection phase commencement,Retroperitoneal mobilization transition,pipeline_simulated_activity_model,N/A (Slide),N/A (Slide)
01:21,assets/frames/frame_t000081000ms_000028.jpg,energy device,dissects,retroperitoneal Toldt fascia,Medial-to-lateral retroperitoneal dissection,pipeline_simulated_activity_model,Avascular Mesocolic Dissection Plane,Left Ureter & Gonadal Vessels
01:24,assets/frames/frame_t000084000ms_000029.jpg,energy device,dissects,retroperitoneal Toldt fascia,Medial-to-lateral retroperitoneal dissection,pipeline_simulated_activity_model,Avascular Mesocolic Dissection Plane,Left Ureter & Gonadal Vessels
01:27,assets/frames/frame_t000087000ms_000030.jpg,energy device,dissects,retroperitoneal Toldt fascia,Medial-to-lateral retroperitoneal dissection,pipeline_simulated_activity_model,Avascular Mesocolic Dissection Plane,Left Ureter & Gonadal Vessels
01:30,assets/frames/frame_t000090000ms_000031.jpg,energy device,dissects,retroperitoneal Toldt fascia,Medial-to-lateral retroperitoneal dissection,pipeline_simulated_activity_model,Avascular Mesocolic Dissection Plane,Left Ureter & Gonadal Vessels
01:33,assets/frames/frame_t000093000ms_000032.jpg,energy device,dissects,retroperitoneal Toldt fascia,Medial-to-lateral retroperitoneal dissection,pipeline_simulated_activity_model,Avascular Mesocolic Dissection Plane,Left Ureter & Gonadal Vessels
01:36,assets/frames/frame_t000096000ms_000033.jpg,energy device,dissects,retroperitoneal Toldt fascia,Medial-to-lateral retroperitoneal dissection,pipeline_simulated_activity_model,Avascular Mesocolic Dissection Plane,Left Ureter & Gonadal Vessels
01:39,assets/frames/frame_t000099000ms_000034.jpg,energy device,dissects,retroperitoneal Toldt fascia,Medial-to-lateral retroperitoneal dissection,pipeline_simulated_activity_model,Avascular Mesocolic Dissection Plane,Left Ureter & Gonadal Vessels
01:42,assets/frames/frame_t000102000ms_000035.jpg,energy device,dissects,retroperitoneal Toldt fascia,Medial-to-lateral retroperitoneal dissection,pipeline_simulated_activity_model,Avascular Mesocolic Dissection Plane,Left Ureter & Gonadal Vessels
01:45,assets/frames/frame_t000105000ms_000036.jpg,energy device,dissects,retroperitoneal Toldt fascia,Medial-to-lateral retroperitoneal dissection,pipeline_simulated_activity_model,Avascular Mesocolic Dissection Plane,Left Ureter & Gonadal Vessels
01:48,assets/frames/frame_t000108000ms_000037.jpg,energy device,dissects,retroperitoneal Toldt fascia,Medial-to-lateral retroperitoneal dissection,pipeline_simulated_activity_model,Avascular Mesocolic Dissection Plane,Left Ureter & Gonadal Vessels
01:51,assets/frames/frame_t000111000ms_000038.jpg,energy device,dissects,retroperitoneal Toldt fascia,Medial-to-lateral retroperitoneal dissection,pipeline_simulated_activity_model,Avascular Mesocolic Dissection Plane,Left Ureter & Gonadal Vessels
01:54,assets/frames/frame_t000114000ms_000039.jpg,energy device,dissects,retroperitoneal Toldt fascia,Medial-to-lateral retroperitoneal dissection,pipeline_simulated_activity_model,Avascular Mesocolic Dissection Plane,Left Ureter & Gonadal Vessels
01:57,assets/frames/frame_t000117000ms_000040.jpg,energy device,dissects,retroperitoneal Toldt fascia,Medial-to-lateral retroperitoneal dissection,pipeline_simulated_activity_model,Avascular Mesocolic Dissection Plane,Left Ureter & Gonadal Vessels
02:00,assets/frames/frame_t000120000ms_000041.jpg,energy device,dissects,retroperitoneal Toldt fascia,Medial-to-lateral retroperitoneal dissection,pipeline_simulated_activity_model,Avascular Mesocolic Dissection Plane,Left Ureter & Gonadal Vessels
02:03,assets/frames/frame_t000123000ms_000042.jpg,energy device,dissects,retroperitoneal Toldt fascia,Medial-to-lateral retroperitoneal dissection,pipeline_simulated_activity_model,Avascular Mesocolic Dissection Plane,Left Ureter & Gonadal Vessels
02:06,assets/frames/frame_t000126000ms_000043.jpg,energy device,dissects,retroperitoneal Toldt fascia,Medial-to-lateral retroperitoneal dissection,pipeline_simulated_activity_model,Avascular Mesocolic Dissection Plane,Left Ureter & Gonadal Vessels
02:09,assets/frames/frame_t000129000ms_000044.jpg,energy device,dissects,retroperitoneal Toldt fascia,Medial-to-lateral retroperitoneal dissection,pipeline_simulated_activity_model,Avascular Mesocolic Dissection Plane,Left Ureter & Gonadal Vessels
02:12,assets/frames/frame_t000132000ms_000045.jpg,energy device,dissects,retroperitoneal Toldt fascia,Medial-to-lateral retroperitoneal dissection,pipeline_simulated_activity_model,Avascular Mesocolic Dissection Plane,Left Ureter & Gonadal Vessels
02:15,assets/frames/frame_t000135000ms_000046.jpg,energy device,dissects,retroperitoneal Toldt fascia,Medial-to-lateral retroperitoneal dissection,pipeline_simulated_activity_model,Avascular Mesocolic Dissection Plane,Left Ureter & Gonadal Vessels
02:18,assets/frames/frame_t000138000ms_000047.jpg,energy device,dissects,retroperitoneal Toldt fascia,Medial-to-lateral retroperitoneal dissection,pipeline_simulated_activity_model,Avascular Mesocolic Dissection Plane,Left Ureter & Gonadal Vessels
02:21,assets/frames/frame_t000141000ms_000048.jpg,energy device,dissects,retroperitoneal Toldt fascia,Medial-to-lateral retroperitoneal dissection,pipeline_simulated_activity_model,Avascular Mesocolic Dissection Plane,Left Ureter & Gonadal Vessels
02:24,assets/frames/frame_t000144000ms_000049.jpg,energy device,dissects,retroperitoneal Toldt fascia,Medial-to-lateral retroperitoneal dissection,pipeline_simulated_activity_model,Avascular Mesocolic Dissection Plane,Left Ureter & Gonadal Vessels
02:27,assets/frames/frame_t000147000ms_000050.jpg,energy device,dissects,retroperitoneal Toldt fascia,Medial-to-lateral retroperitoneal dissection,pipeline_simulated_activity_model,Avascular Mesocolic Dissection Plane,Left Ureter & Gonadal Vessels
02:30,assets/frames/frame_t000150000ms_000051.jpg,energy device,dissects,retroperitoneal Toldt fascia,Medial-to-lateral retroperitoneal dissection,pipeline_simulated_activity_model,Avascular Mesocolic Dissection Plane,Left Ureter & Gonadal Vessels
02:33,assets/frames/frame_t000153000ms_000052.jpg,energy device,dissects,retroperitoneal Toldt fascia,Medial-to-lateral retroperitoneal dissection,pipeline_simulated_activity_model,Avascular Mesocolic Dissection Plane,Left Ureter & Gonadal Vessels
02:36,assets/frames/frame_t000156000ms_000053.jpg,energy device,dissects,retroperitoneal Toldt fascia,Medial-to-lateral retroperitoneal dissection,pipeline_simulated_activity_model,Avascular Mesocolic Dissection Plane,Left Ureter & Gonadal Vessels
02:39,assets/frames/frame_t000159000ms_000054.jpg,energy device,dissects,retroperitoneal Toldt fascia,Medial-to-lateral retroperitoneal dissection,pipeline_simulated_activity_model,Avascular Mesocolic Dissection Plane,Left Ureter & Gonadal Vessels
02:42,assets/frames/frame_t000162000ms_000055.jpg,energy device,dissects,retroperitoneal Toldt fascia,Medial-to-lateral retroperitoneal dissection,pipeline_simulated_activity_model,Avascular Mesocolic Dissection Plane,Left Ureter & Gonadal Vessels
02:45,assets/frames/frame_t000165000ms_000056.jpg,energy device,dissects,retroperitoneal Toldt fascia,Medial-to-lateral retroperitoneal dissection,pipeline_simulated_activity_model,Avascular Mesocolic Dissection Plane,Left Ureter & Gonadal Vessels
02:48,assets/frames/frame_t000168000ms_000057.jpg,energy device,dissects,retroperitoneal Toldt fascia,Medial-to-lateral retroperitoneal dissection,pipeline_simulated_activity_model,Avascular Mesocolic Dissection Plane,Left Ureter & Gonadal Vessels
02:51,assets/frames/frame_t000171000ms_000058.jpg,energy device,dissects,retroperitoneal Toldt fascia,Medial-to-lateral retroperitoneal dissection,pipeline_simulated_activity_model,Avascular Mesocolic Dissection Plane,Left Ureter & Gonadal Vessels
02:54,assets/frames/frame_t000174000ms_000059.jpg,energy device,dissects,retroperitoneal Toldt fascia,Medial-to-lateral retroperitoneal dissection,pipeline_simulated_activity_model,Avascular Mesocolic Dissection Plane,Left Ureter & Gonadal Vessels
02:57,assets/frames/frame_t000177000ms_000060.jpg,energy device,dissects,retroperitoneal Toldt fascia,Medial-to-lateral retroperitoneal dissection,pipeline_simulated_activity_model,Avascular Mesocolic Dissection Plane,Left Ureter & Gonadal Vessels
03:00,assets/frames/frame_t000180000ms_000061.jpg,energy device,dissects,retroperitoneal Toldt fascia,Medial-to-lateral retroperitoneal dissection,pipeline_simulated_activity_model,Avascular Mesocolic Dissection Plane,Left Ureter & Gonadal Vessels
03:03,assets/frames/frame_t000183000ms_000062.jpg,energy device,dissects,retroperitoneal Toldt fascia,Medial-to-lateral retroperitoneal dissection,pipeline_simulated_activity_model,Avascular Mesocolic Dissection Plane,Left Ureter & Gonadal Vessels
03:06,assets/frames/frame_t000186000ms_000063.jpg,energy device,dissects,retroperitoneal Toldt fascia,Medial-to-lateral retroperitoneal dissection,pipeline_simulated_activity_model,Avascular Mesocolic Dissection Plane,Left Ureter & Gonadal Vessels
03:09,assets/frames/frame_t000189000ms_000064.jpg,energy device,dissects,retroperitoneal Toldt fascia,Medial-to-lateral retroperitoneal dissection,pipeline_simulated_activity_model,Avascular Mesocolic Dissection Plane,Left Ureter & Gonadal Vessels
03:12,assets/frames/frame_t000192000ms_000065.jpg,energy device,dissects,retroperitoneal Toldt fascia,Medial-to-lateral retroperitoneal dissection,pipeline_simulated_activity_model,Avascular Mesocolic Dissection Plane,Left Ureter & Gonadal Vessels
03:15,assets/frames/frame_t000195000ms_000066.jpg,energy device,dissects,retroperitoneal Toldt fascia,Medial-to-lateral retroperitoneal dissection,pipeline_simulated_activity_model,Avascular Mesocolic Dissection Plane,Left Ureter & Gonadal Vessels
03:18,assets/frames/frame_t000198000ms_000067.jpg,energy device,dissects,retroperitoneal Toldt fascia,Medial-to-lateral retroperitoneal dissection,pipeline_simulated_activity_model,Avascular Mesocolic Dissection Plane,Left Ureter & Gonadal Vessels
03:21,assets/frames/frame_t000201000ms_000068.jpg,energy device,dissects,retroperitoneal Toldt fascia,Medial-to-lateral retroperitoneal dissection,pipeline_simulated_activity_model,Avascular Mesocolic Dissection Plane,Left Ureter & Gonadal Vessels
03:24,assets/frames/frame_t000204000ms_000069.jpg,energy device,dissects,retroperitoneal Toldt fascia,Medial-to-lateral retroperitoneal dissection,pipeline_simulated_activity_model,Avascular Mesocolic Dissection Plane,Left Ureter & Gonadal Vessels
03:27,assets/frames/frame_t000207000ms_000070.jpg,energy device,dissects,retroperitoneal Toldt fascia,Medial-to-lateral retroperitoneal dissection,pipeline_simulated_activity_model,Avascular Mesocolic Dissection Plane,Left Ureter & Gonadal Vessels
03:30,assets/frames/frame_t000210000ms_000071.jpg,energy device,dissects,retroperitoneal Toldt fascia,Medial-to-lateral retroperitoneal dissection,pipeline_simulated_activity_model,Avascular Mesocolic Dissection Plane,Left Ureter & Gonadal Vessels
03:33,assets/frames/frame_t000213000ms_000072.jpg,energy device,dissects,retroperitoneal Toldt fascia,Medial-to-lateral retroperitoneal dissection,pipeline_simulated_activity_model,Avascular Mesocolic Dissection Plane,Left Ureter & Gonadal Vessels
03:36,assets/frames/frame_t000216000ms_000073.jpg,energy device,dissects,retroperitoneal Toldt fascia,Medial-to-lateral retroperitoneal dissection,pipeline_simulated_activity_model,Avascular Mesocolic Dissection Plane,Left Ureter & Gonadal Vessels
03:39,assets/frames/frame_t000219000ms_000074.jpg,energy device,dissects,retroperitoneal Toldt fascia,Medial-to-lateral retroperitoneal dissection,pipeline_simulated_activity_model,Avascular Mesocolic Dissection Plane,Left Ureter & Gonadal Vessels
03:42,assets/frames/frame_t000222000ms_000075.jpg,energy device,dissects,retroperitoneal Toldt fascia,Medial-to-lateral retroperitoneal dissection,pipeline_simulated_activity_model,Avascular Mesocolic Dissection Plane,Left Ureter & Gonadal Vessels
03:45,assets/frames/frame_t000225000ms_000076.jpg,energy device,dissects,retroperitoneal Toldt fascia,Medial-to-lateral retroperitoneal dissection,pipeline_simulated_activity_model,Avascular Mesocolic Dissection Plane,Left Ureter & Gonadal Vessels
03:48,assets/frames/frame_t000228000ms_000077.jpg,energy device,dissects,retroperitoneal Toldt fascia,Medial-to-lateral retroperitoneal dissection,pipeline_simulated_activity_model,Avascular Mesocolic Dissection Plane,Left Ureter & Gonadal Vessels
03:51,assets/frames/frame_t000231000ms_000078.jpg,energy device,dissects,retroperitoneal Toldt fascia,Medial-to-lateral retroperitoneal dissection,pipeline_simulated_activity_model,Avascular Mesocolic Dissection Plane,Left Ureter & Gonadal Vessels
03:54,assets/frames/frame_t000234000ms_000079.jpg,energy device,dissects,retroperitoneal Toldt fascia,Medial-to-lateral retroperitoneal dissection,pipeline_simulated_activity_model,Avascular Mesocolic Dissection Plane,Left Ureter & Gonadal Vessels
03:57,assets/frames/frame_t000237000ms_000080.jpg,energy device,dissects,retroperitoneal Toldt fascia,Medial-to-lateral retroperitoneal dissection,pipeline_simulated_activity_model,Avascular Mesocolic Dissection Plane,Left Ureter & Gonadal Vessels
04:00,assets/frames/frame_t000240000ms_000081.jpg,energy device,dissects,retroperitoneal Toldt fascia,Medial-to-lateral retroperitoneal dissection,pipeline_simulated_activity_model,Avascular Mesocolic Dissection Plane,Left Ureter & Gonadal Vessels
04:03,assets/frames/frame_t000243000ms_000082.jpg,energy device,dissects,retroperitoneal Toldt fascia,Medial-to-lateral retroperitoneal dissection,pipeline_simulated_activity_model,Avascular Mesocolic Dissection Plane,Left Ureter & Gonadal Vessels
04:06,assets/frames/frame_t000246000ms_000083.jpg,energy device,dissects,retroperitoneal Toldt fascia,Medial-to-lateral retroperitoneal dissection,pipeline_simulated_activity_model,Avascular Mesocolic Dissection Plane,Left Ureter & Gonadal Vessels
04:09,assets/frames/frame_t000249000ms_000084.jpg,energy device,dissects,retroperitoneal Toldt fascia,Medial-to-lateral retroperitoneal dissection,pipeline_simulated_activity_model,Avascular Mesocolic Dissection Plane,Left Ureter & Gonadal Vessels
04:12,assets/frames/frame_t000252000ms_000085.jpg,energy device,dissects,retroperitoneal Toldt fascia,Medial-to-lateral retroperitoneal dissection,pipeline_simulated_activity_model,Avascular Mesocolic Dissection Plane,Left Ureter & Gonadal Vessels
04:15,assets/frames/frame_t000255000ms_000086.jpg,energy device,dissects,retroperitoneal Toldt fascia,Medial-to-lateral retroperitoneal dissection,pipeline_simulated_activity_model,Avascular Mesocolic Dissection Plane,Left Ureter & Gonadal Vessels
04:18,assets/frames/frame_t000258000ms_000087.jpg,energy device,dissects,retroperitoneal Toldt fascia,Medial-to-lateral retroperitoneal dissection,pipeline_simulated_activity_model,Avascular Mesocolic Dissection Plane,Left Ureter & Gonadal Vessels
04:21,assets/frames/frame_t000261000ms_000088.jpg,energy device,dissects,retroperitoneal Toldt fascia,Medial-to-lateral retroperitoneal dissection,pipeline_simulated_activity_model,Avascular Mesocolic Dissection Plane,Left Ureter & Gonadal Vessels
04:24,assets/frames/frame_t000264000ms_000089.jpg,energy device,dissects,retroperitoneal Toldt fascia,Medial-to-lateral retroperitoneal dissection,pipeline_simulated_activity_model,Avascular Mesocolic Dissection Plane,Left Ureter & Gonadal Vessels
04:27,assets/frames/frame_t000267000ms_000090.jpg,energy device,dissects,retroperitoneal Toldt fascia,Medial-to-lateral retroperitoneal dissection,pipeline_simulated_activity_model,Avascular Mesocolic Dissection Plane,Left Ureter & Gonadal Vessels
04:30,assets/frames/frame_t000270000ms_000091.jpg,energy device,dissects,retroperitoneal Toldt fascia,Medial-to-lateral retroperitoneal dissection,pipeline_simulated_activity_model,Avascular Mesocolic Dissection Plane,Left Ureter & Gonadal Vessels
04:33,assets/frames/frame_t000273000ms_000092.jpg,technique slide,explains,nerve-sparing IMA ligation,Intrasheath separation technique reference,pipeline_simulated_activity_model,N/A (Slide),N/A (Slide)
04:36,assets/frames/frame_t000276000ms_000093.jpg,dissecting forceps,skeletonizes,inferior mesenteric artery,Intrasheath separation / IMA reference,pipeline_simulated_activity_model,Avascular Intrasheath Corridor,IMA Origin & Superior Hypogastric Plexus
04:39,assets/frames/frame_t000279000ms_000094.jpg,dissecting forceps,skeletonizes,inferior mesenteric artery,Intrasheath separation / IMA reference,pipeline_simulated_activity_model,Avascular Intrasheath Corridor,IMA Origin & Superior Hypogastric Plexus
04:42,assets/frames/frame_t000282000ms_000095.jpg,dissecting forceps,skeletonizes,inferior mesenteric artery,Intrasheath separation / IMA reference,pipeline_simulated_activity_model,Avascular Intrasheath Corridor,IMA Origin & Superior Hypogastric Plexus
04:45,assets/frames/frame_t000285000ms_000096.jpg,dissecting forceps,skeletonizes,inferior mesenteric artery,Intrasheath separation / IMA reference,pipeline_simulated_activity_model,Avascular Intrasheath Corridor,IMA Origin & Superior Hypogastric Plexus
04:48,assets/frames/frame_t000288000ms_000097.jpg,dissecting forceps,skeletonizes,inferior mesenteric artery,Intrasheath separation / IMA reference,pipeline_simulated_activity_model,Avascular Intrasheath Corridor,IMA Origin & Superior Hypogastric Plexus
04:51,assets/frames/frame_t000291000ms_000098.jpg,dissecting forceps,skeletonizes,inferior mesenteric artery,Intrasheath separation / IMA reference,pipeline_simulated_activity_model,Avascular Intrasheath Corridor,IMA Origin & Superior Hypogastric Plexus
04:54,assets/frames/frame_t000294000ms_000099.jpg,dissecting forceps,skeletonizes,inferior mesenteric artery,Intrasheath separation / IMA reference,pipeline_simulated_activity_model,Avascular Intrasheath Corridor,IMA Origin & Superior Hypogastric Plexus
04:57,assets/frames/frame_t000297000ms_000100.jpg,dissecting forceps,skeletonizes,inferior mesenteric artery,Intrasheath separation / IMA reference,pipeline_simulated_activity_model,Avascular Intrasheath Corridor,IMA Origin & Superior Hypogastric Plexus
05:00,assets/frames/frame_t000300000ms_000101.jpg,dissecting forceps,skeletonizes,inferior mesenteric artery,Intrasheath separation / IMA reference,pipeline_simulated_activity_model,Avascular Intrasheath Corridor,IMA Origin & Superior Hypogastric Plexus
05:03,assets/frames/frame_t000303000ms_000102.jpg,dissecting forceps,skeletonizes,inferior mesenteric artery,Intrasheath separation / IMA reference,pipeline_simulated_activity_model,Avascular Intrasheath Corridor,IMA Origin & Superior Hypogastric Plexus
05:06,assets/frames/frame_t000306000ms_000103.jpg,dissecting forceps,skeletonizes,inferior mesenteric artery,Intrasheath separation / IMA reference,pipeline_simulated_activity_model,Avascular Intrasheath Corridor,IMA Origin & Superior Hypogastric Plexus
05:09,assets/frames/frame_t000309000ms_000104.jpg,dissecting forceps,skeletonizes,inferior mesenteric artery,Intrasheath separation / IMA reference,pipeline_simulated_activity_model,Avascular Intrasheath Corridor,IMA Origin & Superior Hypogastric Plexus
05:12,assets/frames/frame_t000312000ms_000105.jpg,dissecting forceps,skeletonizes,inferior mesenteric artery,Intrasheath separation / IMA reference,pipeline_simulated_activity_model,Avascular Intrasheath Corridor,IMA Origin & Superior Hypogastric Plexus
05:15,assets/frames/frame_t000315000ms_000106.jpg,instrument,positioned near,exposed tissue,Intrasheath separation / IMA reference,frame_visual_review,Avascular Intrasheath Corridor,IMA Origin & Hypogastric Plexus
05:18,assets/frames/frame_t000318000ms_000107.jpg,dissecting forceps,skeletonizes,inferior mesenteric artery,Intrasheath separation / IMA reference,pipeline_simulated_activity_model,Avascular Intrasheath Corridor,IMA Origin & Superior Hypogastric Plexus
05:21,assets/frames/frame_t000321000ms_000108.jpg,dissecting forceps,skeletonizes,inferior mesenteric artery,Intrasheath separation / IMA reference,pipeline_simulated_activity_model,Avascular Intrasheath Corridor,IMA Origin & Superior Hypogastric Plexus
05:24,assets/frames/frame_t000324000ms_000109.jpg,dissecting forceps,skeletonizes,inferior mesenteric artery,Intrasheath separation / IMA reference,pipeline_simulated_activity_model,Avascular Intrasheath Corridor,IMA Origin & Superior Hypogastric Plexus
05:27,assets/frames/frame_t000327000ms_000110.jpg,dissecting forceps,skeletonizes,inferior mesenteric artery,Intrasheath separation / IMA reference,pipeline_simulated_activity_model,Avascular Intrasheath Corridor,IMA Origin & Superior Hypogastric Plexus
05:30,assets/frames/frame_t000330000ms_000111.jpg,dissecting forceps,skeletonizes,inferior mesenteric artery,Intrasheath separation / IMA reference,pipeline_simulated_activity_model,Avascular Intrasheath Corridor,IMA Origin & Superior Hypogastric Plexus
05:33,assets/frames/frame_t000333000ms_000112.jpg,blue-handled tool,approaches,tissue plane,Intrasheath separation / IMA reference,frame_visual_review,Avascular Mesocolic Plane,Autonomic Plexus & Gonadal Vessels
05:36,assets/frames/frame_t000336000ms_000113.jpg,dissecting forceps,skeletonizes,inferior mesenteric artery,Intrasheath separation / IMA reference,pipeline_simulated_activity_model,Avascular Intrasheath Corridor,IMA Origin & Superior Hypogastric Plexus
05:39,assets/frames/frame_t000339000ms_000114.jpg,dissecting forceps,skeletonizes,inferior mesenteric artery,Intrasheath separation / IMA reference,pipeline_simulated_activity_model,Avascular Intrasheath Corridor,IMA Origin & Superior Hypogastric Plexus
05:42,assets/frames/frame_t000342000ms_000115.jpg,dissecting forceps,skeletonizes,inferior mesenteric artery,Intrasheath separation / IMA reference,pipeline_simulated_activity_model,Avascular Intrasheath Corridor,IMA Origin & Superior Hypogastric Plexus
05:45,assets/frames/frame_t000345000ms_000116.jpg,dissecting forceps,skeletonizes,inferior mesenteric artery,Intrasheath separation / IMA reference,pipeline_simulated_activity_model,Avascular Intrasheath Corridor,IMA Origin & Superior Hypogastric Plexus
05:48,assets/frames/frame_t000348000ms_000117.jpg,dissecting forceps,skeletonizes,inferior mesenteric artery,Intrasheath separation / IMA reference,pipeline_simulated_activity_model,Avascular Intrasheath Corridor,IMA Origin & Superior Hypogastric Plexus
05:51,assets/frames/frame_t000351000ms_000118.jpg,dissecting forceps,skeletonizes,inferior mesenteric artery,Intrasheath separation / IMA reference,pipeline_simulated_activity_model,Avascular Intrasheath Corridor,IMA Origin & Superior Hypogastric Plexus
05:54,assets/frames/frame_t000354000ms_000119.jpg,dissecting forceps,skeletonizes,inferior mesenteric artery,Intrasheath separation / IMA reference,pipeline_simulated_activity_model,Avascular Intrasheath Corridor,IMA Origin & Superior Hypogastric Plexus
05:57,assets/frames/frame_t000357000ms_000120.jpg,dissecting forceps,skeletonizes,inferior mesenteric artery,Intrasheath separation / IMA reference,pipeline_simulated_activity_model,Avascular Intrasheath Corridor,IMA Origin & Superior Hypogastric Plexus
06:00,assets/frames/frame_t000360000ms_000121.jpg,dissecting forceps,skeletonizes,inferior mesenteric artery,Intrasheath separation / IMA reference,pipeline_simulated_activity_model,Avascular Intrasheath Corridor,IMA Origin & Superior Hypogastric Plexus
06:03,assets/frames/frame_t000363000ms_000122.jpg,dissecting forceps,skeletonizes,inferior mesenteric artery,Intrasheath separation / IMA reference,pipeline_simulated_activity_model,Avascular Intrasheath Corridor,IMA Origin & Superior Hypogastric Plexus
06:06,assets/frames/frame_t000366000ms_000123.jpg,dissecting forceps,skeletonizes,inferior mesenteric artery,Intrasheath separation / IMA reference,pipeline_simulated_activity_model,Avascular Intrasheath Corridor,IMA Origin & Superior Hypogastric Plexus
06:09,assets/frames/frame_t000369000ms_000124.jpg,dissecting forceps,skeletonizes,inferior mesenteric artery,Intrasheath separation / IMA reference,pipeline_simulated_activity_model,Avascular Intrasheath Corridor,IMA Origin & Superior Hypogastric Plexus
06:12,assets/frames/frame_t000372000ms_000125.jpg,dissecting forceps,skeletonizes,inferior mesenteric artery,Intrasheath separation / IMA reference,pipeline_simulated_activity_model,Avascular Intrasheath Corridor,IMA Origin & Superior Hypogastric Plexus
06:15,assets/frames/frame_t000375000ms_000126.jpg,dissecting forceps,skeletonizes,inferior mesenteric artery,Intrasheath separation / IMA reference,pipeline_simulated_activity_model,Avascular Intrasheath Corridor,IMA Origin & Superior Hypogastric Plexus
06:18,assets/frames/frame_t000378000ms_000127.jpg,dissecting forceps,skeletonizes,inferior mesenteric artery,Intrasheath separation / IMA reference,pipeline_simulated_activity_model,Avascular Intrasheath Corridor,IMA Origin & Superior Hypogastric Plexus
06:21,assets/frames/frame_t000381000ms_000128.jpg,dissecting forceps,skeletonizes,inferior mesenteric artery,Intrasheath separation / IMA reference,pipeline_simulated_activity_model,Avascular Intrasheath Corridor,IMA Origin & Superior Hypogastric Plexus
06:24,assets/frames/frame_t000384000ms_000129.jpg,dissecting forceps,skeletonizes,inferior mesenteric artery,Intrasheath separation / IMA reference,pipeline_simulated_activity_model,Avascular Intrasheath Corridor,IMA Origin & Superior Hypogastric Plexus
06:27,assets/frames/frame_t000387000ms_000130.jpg,dissecting forceps,skeletonizes,inferior mesenteric artery,Intrasheath separation / IMA reference,pipeline_simulated_activity_model,Avascular Intrasheath Corridor,IMA Origin & Superior Hypogastric Plexus
06:30,assets/frames/frame_t000390000ms_000131.jpg,dissecting forceps,skeletonizes,inferior mesenteric artery,Intrasheath separation / IMA reference,pipeline_simulated_activity_model,Avascular Intrasheath Corridor,IMA Origin & Superior Hypogastric Plexus
06:33,assets/frames/frame_t000393000ms_000132.jpg,dissecting forceps,skeletonizes,inferior mesenteric artery,Intrasheath separation / IMA reference,pipeline_simulated_activity_model,Avascular Intrasheath Corridor,IMA Origin & Superior Hypogastric Plexus
06:36,assets/frames/frame_t000396000ms_000133.jpg,dissecting forceps,skeletonizes,inferior mesenteric artery,Intrasheath separation / IMA reference,pipeline_simulated_activity_model,Avascular Intrasheath Corridor,IMA Origin & Superior Hypogastric Plexus
06:39,assets/frames/frame_t000399000ms_000134.jpg,dissecting forceps,skeletonizes,inferior mesenteric artery,Intrasheath separation / IMA reference,pipeline_simulated_activity_model,Avascular Intrasheath Corridor,IMA Origin & Superior Hypogastric Plexus
06:42,assets/frames/frame_t000402000ms_000135.jpg,dissecting forceps,skeletonizes,inferior mesenteric artery,Intrasheath separation / IMA reference,pipeline_simulated_activity_model,Avascular Intrasheath Corridor,IMA Origin & Superior Hypogastric Plexus
06:45,assets/frames/frame_t000405000ms_000136.jpg,dissecting forceps,skeletonizes,inferior mesenteric artery,Intrasheath separation / IMA reference,pipeline_simulated_activity_model,Avascular Intrasheath Corridor,IMA Origin & Superior Hypogastric Plexus
06:48,assets/frames/frame_t000408000ms_000137.jpg,energy device,divides,pancreaticocolic ligament,Pancreaticocolic reference,pipeline_simulated_activity_model,Gastrocolic Mobilization Corridor,Pancreatic Border & Splenic Vessels
06:51,assets/frames/frame_t000411000ms_000138.jpg,grasper,positioned over,tissue plane,Tissue exposure and dissection,frame_visual_review,Embryological Cleavage Corridor,Retroperitoneal Ureter Danger Corridor
06:54,assets/frames/frame_t000414000ms_000139.jpg,energy device,divides,pancreaticocolic ligament,Pancreaticocolic reference,pipeline_simulated_activity_model,Gastrocolic Mobilization Corridor,Pancreatic Border & Splenic Vessels
06:57,assets/frames/frame_t000417000ms_000140.jpg,energy device,divides,pancreaticocolic ligament,Pancreaticocolic reference,pipeline_simulated_activity_model,Gastrocolic Mobilization Corridor,Pancreatic Border & Splenic Vessels
07:00,assets/frames/frame_t000420000ms_000141.jpg,instrument,approaches,source-marked tissue,Pancreaticocolic reference,frame_visual_review,Pancreaticocolic Release Line,Pancreatic Border & Splenic Vessels
07:03,assets/frames/frame_t000423000ms_000142.jpg,energy device,divides,pancreaticocolic ligament,Pancreaticocolic reference,pipeline_simulated_activity_model,Gastrocolic Mobilization Corridor,Pancreatic Border & Splenic Vessels
07:06,assets/frames/frame_t000426000ms_000143.jpg,grasper,points toward,source-captioned ligament region,Pancreaticocolic reference,frame_visual_review,Gastrocolic Mobilization Corridor,Transverse Mesocolon & Middle Colic Pedicle
07:09,assets/frames/frame_t000429000ms_000144.jpg,energy device,divides,pancreaticocolic ligament,Pancreaticocolic reference,pipeline_simulated_activity_model,Gastrocolic Mobilization Corridor,Pancreatic Border & Splenic Vessels
07:12,assets/frames/frame_t000432000ms_000145.jpg,energy device,divides,pancreaticocolic ligament,Pancreaticocolic reference,pipeline_simulated_activity_model,Gastrocolic Mobilization Corridor,Pancreatic Border & Splenic Vessels
07:15,assets/frames/frame_t000435000ms_000146.jpg,energy device,divides,pancreaticocolic ligament,Pancreaticocolic reference,pipeline_simulated_activity_model,Gastrocolic Mobilization Corridor,Pancreatic Border & Splenic Vessels
07:18,assets/frames/frame_t000438000ms_000147.jpg,energy device,divides,pancreaticocolic ligament,Pancreaticocolic reference,pipeline_simulated_activity_model,Gastrocolic Mobilization Corridor,Pancreatic Border & Splenic Vessels
07:21,assets/frames/frame_t000441000ms_000148.jpg,energy device,divides,pancreaticocolic ligament,Pancreaticocolic reference,pipeline_simulated_activity_model,Gastrocolic Mobilization Corridor,Pancreatic Border & Splenic Vessels
07:24,assets/frames/frame_t000444000ms_000149.jpg,energy device,divides,pancreaticocolic ligament,Pancreaticocolic reference,pipeline_simulated_activity_model,Gastrocolic Mobilization Corridor,Pancreatic Border & Splenic Vessels
07:27,assets/frames/frame_t000447000ms_000150.jpg,energy device,divides,pancreaticocolic ligament,Pancreaticocolic reference,pipeline_simulated_activity_model,Gastrocolic Mobilization Corridor,Pancreatic Border & Splenic Vessels
07:30,assets/frames/frame_t000450000ms_000151.jpg,grasper,holds,tissue fold,Tissue exposure and dissection,frame_visual_review,Splenocolic Peritoneal Safe Line,Splenic Capsule Danger Zone
07:33,assets/frames/frame_t000453000ms_000152.jpg,energy device,divides,pancreaticocolic ligament,Pancreaticocolic reference,pipeline_simulated_activity_model,Gastrocolic Mobilization Corridor,Pancreatic Border & Splenic Vessels
07:36,assets/frames/frame_t000456000ms_000153.jpg,energy device,divides,pancreaticocolic ligament,Pancreaticocolic reference,pipeline_simulated_activity_model,Gastrocolic Mobilization Corridor,Pancreatic Border & Splenic Vessels
07:39,assets/frames/frame_t000459000ms_000154.jpg,energy device,divides,pancreaticocolic ligament,Pancreaticocolic reference,pipeline_simulated_activity_model,Gastrocolic Mobilization Corridor,Pancreatic Border & Splenic Vessels
07:42,assets/frames/frame_t000462000ms_000155.jpg,energy device,divides,pancreaticocolic ligament,Pancreaticocolic reference,pipeline_simulated_activity_model,Gastrocolic Mobilization Corridor,Pancreatic Border & Splenic Vessels
07:45,assets/frames/frame_t000465000ms_000156.jpg,energy device,divides,pancreaticocolic ligament,Pancreaticocolic reference,pipeline_simulated_activity_model,Gastrocolic Mobilization Corridor,Pancreatic Border & Splenic Vessels
07:48,assets/frames/frame_t000468000ms_000157.jpg,bipolar instrument,develops,Holy Plane of Heald,Pelvic nerve preservation reference,pipeline_simulated_activity_model,Holy Plane of Heald (TME),Left Hypogastric Nerve & Presacral Plexus
07:51,assets/frames/frame_t000471000ms_000158.jpg,bipolar instrument,develops,Holy Plane of Heald,Pelvic nerve preservation reference,pipeline_simulated_activity_model,Holy Plane of Heald (TME),Left Hypogastric Nerve & Presacral Plexus
07:54,assets/frames/frame_t000474000ms_000159.jpg,bipolar instrument,develops,Holy Plane of Heald,Pelvic nerve preservation reference,pipeline_simulated_activity_model,Holy Plane of Heald (TME),Left Hypogastric Nerve & Presacral Plexus
07:57,assets/frames/frame_t000477000ms_000160.jpg,bipolar instrument,develops,Holy Plane of Heald,Pelvic nerve preservation reference,pipeline_simulated_activity_model,Holy Plane of Heald (TME),Left Hypogastric Nerve & Presacral Plexus
08:00,assets/frames/frame_t000480000ms_000161.jpg,instrument tip,points toward,source-captioned tissue plane,Presacral / TME reference,frame_visual_review,Holy Plane of Heald (TME),Presacral Venous Plexus (Batson)
08:03,assets/frames/frame_t000483000ms_000162.jpg,bipolar instrument,develops,Holy Plane of Heald,Pelvic nerve preservation reference,pipeline_simulated_activity_model,Holy Plane of Heald (TME),Left Hypogastric Nerve & Presacral Plexus
08:06,assets/frames/frame_t000486000ms_000163.jpg,bipolar instrument,develops,Holy Plane of Heald,Pelvic nerve preservation reference,pipeline_simulated_activity_model,Holy Plane of Heald (TME),Left Hypogastric Nerve & Presacral Plexus
08:09,assets/frames/frame_t000489000ms_000164.jpg,bipolar instrument,develops,Holy Plane of Heald,Pelvic nerve preservation reference,pipeline_simulated_activity_model,Holy Plane of Heald (TME),Left Hypogastric Nerve & Presacral Plexus
08:12,assets/frames/frame_t000492000ms_000165.jpg,bipolar instrument,develops,Holy Plane of Heald,Pelvic nerve preservation reference,pipeline_simulated_activity_model,Holy Plane of Heald (TME),Left Hypogastric Nerve & Presacral Plexus
08:15,assets/frames/frame_t000495000ms_000166.jpg,bipolar instrument,develops,Holy Plane of Heald,Pelvic nerve preservation reference,pipeline_simulated_activity_model,Holy Plane of Heald (TME),Left Hypogastric Nerve & Presacral Plexus
08:18,assets/frames/frame_t000498000ms_000167.jpg,bipolar instrument,develops,Holy Plane of Heald,Pelvic nerve preservation reference,pipeline_simulated_activity_model,Holy Plane of Heald (TME),Left Hypogastric Nerve & Presacral Plexus
08:21,assets/frames/frame_t000501000ms_000168.jpg,bipolar instrument,develops,Holy Plane of Heald,Pelvic nerve preservation reference,pipeline_simulated_activity_model,Holy Plane of Heald (TME),Left Hypogastric Nerve & Presacral Plexus
08:24,assets/frames/frame_t000504000ms_000169.jpg,bipolar instrument,develops,Holy Plane of Heald,Pelvic nerve preservation reference,pipeline_simulated_activity_model,Holy Plane of Heald (TME),Left Hypogastric Nerve & Presacral Plexus
08:27,assets/frames/frame_t000507000ms_000170.jpg,bipolar instrument,develops,Holy Plane of Heald,Pelvic nerve preservation reference,pipeline_simulated_activity_model,Holy Plane of Heald (TME),Left Hypogastric Nerve & Presacral Plexus
08:30,assets/frames/frame_t000510000ms_000171.jpg,bipolar instrument,develops,Holy Plane of Heald,Pelvic nerve preservation reference,pipeline_simulated_activity_model,Holy Plane of Heald (TME),Left Hypogastric Nerve & Presacral Plexus
08:33,assets/frames/frame_t000513000ms_000172.jpg,blue-handled instrument,points near,source-dashed reference line,Pelvic nerve preservation reference,frame_visual_review,Medial Mesorectal Corridor,Left Hypogastric Nerve
08:36,assets/frames/frame_t000516000ms_000173.jpg,instrument tip,approaches,membranous tissue,Membranous tissue dissection,frame_visual_review,Pararectal Avascular Plane,Pelvic Splanchnic Nerve Roots (S2-S4)
08:39,assets/frames/frame_t000519000ms_000174.jpg,bipolar instrument,develops,Holy Plane of Heald,Pelvic nerve preservation reference,pipeline_simulated_activity_model,Holy Plane of Heald (TME),Left Hypogastric Nerve & Presacral Plexus
08:42,assets/frames/frame_t000522000ms_000175.jpg,bipolar instrument,develops,Holy Plane of Heald,Pelvic nerve preservation reference,pipeline_simulated_activity_model,Holy Plane of Heald (TME),Left Hypogastric Nerve & Presacral Plexus
08:45,assets/frames/frame_t000525000ms_000176.jpg,bipolar instrument,develops,Holy Plane of Heald,Pelvic nerve preservation reference,pipeline_simulated_activity_model,Holy Plane of Heald (TME),Left Hypogastric Nerve & Presacral Plexus
08:48,assets/frames/frame_t000528000ms_000177.jpg,bipolar instrument,develops,Holy Plane of Heald,Pelvic nerve preservation reference,pipeline_simulated_activity_model,Holy Plane of Heald (TME),Left Hypogastric Nerve & Presacral Plexus
08:51,assets/frames/frame_t000531000ms_000178.jpg,bipolar instrument,develops,Holy Plane of Heald,Pelvic nerve preservation reference,pipeline_simulated_activity_model,Holy Plane of Heald (TME),Left Hypogastric Nerve & Presacral Plexus
08:54,assets/frames/frame_t000534000ms_000179.jpg,grasper,holds,tissue strip,Tissue retraction and exposure,frame_visual_review,Lateral Rectal Traction Plane,Middle Rectal Pedicle & Lateral Pelvic Wall
08:57,assets/frames/frame_t000537000ms_000180.jpg,bipolar instrument,develops,Holy Plane of Heald,Pelvic nerve preservation reference,pipeline_simulated_activity_model,Holy Plane of Heald (TME),Left Hypogastric Nerve & Presacral Plexus
09:00,assets/frames/frame_t000540000ms_000181.jpg,bipolar instrument,develops,Holy Plane of Heald,Pelvic nerve preservation reference,pipeline_simulated_activity_model,Holy Plane of Heald (TME),Left Hypogastric Nerve & Presacral Plexus
09:03,assets/frames/frame_t000543000ms_000182.jpg,bipolar instrument,develops,Holy Plane of Heald,Pelvic nerve preservation reference,pipeline_simulated_activity_model,Holy Plane of Heald (TME),Left Hypogastric Nerve & Presacral Plexus
09:06,assets/frames/frame_t000546000ms_000183.jpg,instrument tip,approaches,source-outlined area,Pelvic tissue plane reference,frame_visual_review,Retromesorectal Areolar Space,Presacral Parietal Fascia Danger Zone
09:09,assets/frames/frame_t000549000ms_000184.jpg,bipolar instrument,develops,Holy Plane of Heald,Pelvic nerve preservation reference,pipeline_simulated_activity_model,Holy Plane of Heald (TME),Left Hypogastric Nerve & Presacral Plexus
09:12,assets/frames/frame_t000552000ms_000185.jpg,bipolar instrument,develops,Holy Plane of Heald,Pelvic nerve preservation reference,pipeline_simulated_activity_model,Holy Plane of Heald (TME),Left Hypogastric Nerve & Presacral Plexus
09:15,assets/frames/frame_t000555000ms_000186.jpg,bipolar instrument,develops,Holy Plane of Heald,Pelvic nerve preservation reference,pipeline_simulated_activity_model,Holy Plane of Heald (TME),Left Hypogastric Nerve & Presacral Plexus
09:18,assets/frames/frame_t000558000ms_000187.jpg,bipolar instrument,develops,Holy Plane of Heald,Pelvic nerve preservation reference,pipeline_simulated_activity_model,Holy Plane of Heald (TME),Left Hypogastric Nerve & Presacral Plexus
09:21,assets/frames/frame_t000561000ms_000188.jpg,bipolar instrument,develops,Holy Plane of Heald,Pelvic nerve preservation reference,pipeline_simulated_activity_model,Holy Plane of Heald (TME),Left Hypogastric Nerve & Presacral Plexus
09:24,assets/frames/frame_t000564000ms_000189.jpg,bipolar instrument,develops,Holy Plane of Heald,Pelvic nerve preservation reference,pipeline_simulated_activity_model,Holy Plane of Heald (TME),Left Hypogastric Nerve & Presacral Plexus
09:27,assets/frames/frame_t000567000ms_000190.jpg,bipolar instrument,develops,Holy Plane of Heald,Pelvic nerve preservation reference,pipeline_simulated_activity_model,Holy Plane of Heald (TME),Left Hypogastric Nerve & Presacral Plexus
09:30,assets/frames/frame_t000570000ms_000191.jpg,bipolar instrument,develops,Holy Plane of Heald,Pelvic nerve preservation reference,pipeline_simulated_activity_model,Holy Plane of Heald (TME),Left Hypogastric Nerve & Presacral Plexus
09:33,assets/frames/frame_t000573000ms_000192.jpg,bipolar instrument,develops,Holy Plane of Heald,Pelvic nerve preservation reference,pipeline_simulated_activity_model,Holy Plane of Heald (TME),Left Hypogastric Nerve & Presacral Plexus
09:36,assets/frames/frame_t000576000ms_000193.jpg,bipolar instrument,develops,Holy Plane of Heald,Pelvic nerve preservation reference,pipeline_simulated_activity_model,Holy Plane of Heald (TME),Left Hypogastric Nerve & Presacral Plexus
09:39,assets/frames/frame_t000579000ms_000194.jpg,bipolar instrument,develops,Holy Plane of Heald,Pelvic nerve preservation reference,pipeline_simulated_activity_model,Holy Plane of Heald (TME),Left Hypogastric Nerve & Presacral Plexus
09:42,assets/frames/frame_t000582000ms_000195.jpg,bipolar instrument,develops,Holy Plane of Heald,Pelvic nerve preservation reference,pipeline_simulated_activity_model,Holy Plane of Heald (TME),Left Hypogastric Nerve & Presacral Plexus
09:45,assets/frames/frame_t000585000ms_000196.jpg,bipolar instrument,develops,Holy Plane of Heald,Pelvic nerve preservation reference,pipeline_simulated_activity_model,Holy Plane of Heald (TME),Left Hypogastric Nerve & Presacral Plexus
09:48,assets/frames/frame_t000588000ms_000197.jpg,scissors / energy,incises,Denonvilliers fascia,Left seminal vesicle reference,pipeline_simulated_activity_model,Anterior Denonvilliers Plane,Left Seminal Vesicle & Walsh Bundles
09:51,assets/frames/frame_t000591000ms_000198.jpg,scissors / energy,incises,Denonvilliers fascia,Left seminal vesicle reference,pipeline_simulated_activity_model,Anterior Denonvilliers Plane,Left Seminal Vesicle & Walsh Bundles
09:54,assets/frames/frame_t000594000ms_000199.jpg,scissors / energy,incises,Denonvilliers fascia,Left seminal vesicle reference,pipeline_simulated_activity_model,Anterior Denonvilliers Plane,Left Seminal Vesicle & Walsh Bundles
09:57,assets/frames/frame_t000597000ms_000200.jpg,scissors / energy,incises,Denonvilliers fascia,Left seminal vesicle reference,pipeline_simulated_activity_model,Anterior Denonvilliers Plane,Left Seminal Vesicle & Walsh Bundles
10:00,assets/frames/frame_t000600000ms_000201.jpg,scissors / energy,incises,Denonvilliers fascia,Left seminal vesicle reference,pipeline_simulated_activity_model,Anterior Denonvilliers Plane,Left Seminal Vesicle & Walsh Bundles
10:03,assets/frames/frame_t000603000ms_000202.jpg,scissors / energy,incises,Denonvilliers fascia,Left seminal vesicle reference,pipeline_simulated_activity_model,Anterior Denonvilliers Plane,Left Seminal Vesicle & Walsh Bundles
10:06,assets/frames/frame_t000606000ms_000203.jpg,scissors / energy,incises,Denonvilliers fascia,Left seminal vesicle reference,pipeline_simulated_activity_model,Anterior Denonvilliers Plane,Left Seminal Vesicle & Walsh Bundles
10:09,assets/frames/frame_t000609000ms_000204.jpg,scissors / energy,incises,Denonvilliers fascia,Left seminal vesicle reference,pipeline_simulated_activity_model,Anterior Denonvilliers Plane,Left Seminal Vesicle & Walsh Bundles
10:12,assets/frames/frame_t000612000ms_000205.jpg,scissors / energy,incises,Denonvilliers fascia,Left seminal vesicle reference,pipeline_simulated_activity_model,Anterior Denonvilliers Plane,Left Seminal Vesicle & Walsh Bundles
10:15,assets/frames/frame_t000615000ms_000206.jpg,grasper,contacts,tissue fold,Pelvic view and retraction,frame_visual_review,Pelvic Peritoneal Safe Line,Pelvic Sidewall Autonomic Nerves & Vessels
10:18,assets/frames/frame_t000618000ms_000207.jpg,scissors / energy,incises,Denonvilliers fascia,Left seminal vesicle reference,pipeline_simulated_activity_model,Anterior Denonvilliers Plane,Left Seminal Vesicle & Walsh Bundles
10:21,assets/frames/frame_t000621000ms_000208.jpg,scissors / energy,incises,Denonvilliers fascia,Left seminal vesicle reference,pipeline_simulated_activity_model,Anterior Denonvilliers Plane,Left Seminal Vesicle & Walsh Bundles
10:24,assets/frames/frame_t000624000ms_000209.jpg,scissors / energy,incises,Denonvilliers fascia,Left seminal vesicle reference,pipeline_simulated_activity_model,Anterior Denonvilliers Plane,Left Seminal Vesicle & Walsh Bundles
10:27,assets/frames/frame_t000627000ms_000210.jpg,scissors / energy,incises,Denonvilliers fascia,Left seminal vesicle reference,pipeline_simulated_activity_model,Anterior Denonvilliers Plane,Left Seminal Vesicle & Walsh Bundles
10:30,assets/frames/frame_t000630000ms_000211.jpg,scissors / energy,incises,Denonvilliers fascia,Left seminal vesicle reference,pipeline_simulated_activity_model,Anterior Denonvilliers Plane,Left Seminal Vesicle & Walsh Bundles
10:33,assets/frames/frame_t000633000ms_000212.jpg,scissors / energy,incises,Denonvilliers fascia,Left seminal vesicle reference,pipeline_simulated_activity_model,Anterior Denonvilliers Plane,Left Seminal Vesicle & Walsh Bundles
10:36,assets/frames/frame_t000636000ms_000213.jpg,scissors / energy,incises,Denonvilliers fascia,Left seminal vesicle reference,pipeline_simulated_activity_model,Anterior Denonvilliers Plane,Left Seminal Vesicle & Walsh Bundles
10:39,assets/frames/frame_t000639000ms_000214.jpg,scissors / energy,incises,Denonvilliers fascia,Left seminal vesicle reference,pipeline_simulated_activity_model,Anterior Denonvilliers Plane,Left Seminal Vesicle & Walsh Bundles
10:42,assets/frames/frame_t000642000ms_000215.jpg,scissors / energy,incises,Denonvilliers fascia,Left seminal vesicle reference,pipeline_simulated_activity_model,Anterior Denonvilliers Plane,Left Seminal Vesicle & Walsh Bundles
10:45,assets/frames/frame_t000645000ms_000216.jpg,instrument tip,points beside,purple source-highlighted area,Pelvic structure reference,frame_visual_review,Extrafascial Cleavage Plane,Prostatic / Rectal Neurovascular Bundles
10:48,assets/frames/frame_t000648000ms_000217.jpg,scissors / energy,incises,Denonvilliers fascia,Left seminal vesicle reference,pipeline_simulated_activity_model,Anterior Denonvilliers Plane,Left Seminal Vesicle & Walsh Bundles
10:51,assets/frames/frame_t000651000ms_000218.jpg,scissors / energy,incises,Denonvilliers fascia,Left seminal vesicle reference,pipeline_simulated_activity_model,Anterior Denonvilliers Plane,Left Seminal Vesicle & Walsh Bundles
10:54,assets/frames/frame_t000654000ms_000219.jpg,scissors / energy,incises,Denonvilliers fascia,Left seminal vesicle reference,pipeline_simulated_activity_model,Anterior Denonvilliers Plane,Left Seminal Vesicle & Walsh Bundles
10:57,assets/frames/frame_t000657000ms_000220.jpg,scissors / energy,incises,Denonvilliers fascia,Left seminal vesicle reference,pipeline_simulated_activity_model,Anterior Denonvilliers Plane,Left Seminal Vesicle & Walsh Bundles
11:00,assets/frames/frame_t000660000ms_000221.jpg,scissors / energy,incises,Denonvilliers fascia,Left seminal vesicle reference,pipeline_simulated_activity_model,Anterior Denonvilliers Plane,Left Seminal Vesicle & Walsh Bundles
11:03,assets/frames/frame_t000663000ms_000222.jpg,scissors / energy,incises,Denonvilliers fascia,Left seminal vesicle reference,pipeline_simulated_activity_model,Anterior Denonvilliers Plane,Left Seminal Vesicle & Walsh Bundles
11:06,assets/frames/frame_t000666000ms_000223.jpg,scissors / energy,incises,Denonvilliers fascia,Left seminal vesicle reference,pipeline_simulated_activity_model,Anterior Denonvilliers Plane,Left Seminal Vesicle & Walsh Bundles
11:09,assets/frames/frame_t000669000ms_000224.jpg,scissors / energy,incises,Denonvilliers fascia,Left seminal vesicle reference,pipeline_simulated_activity_model,Anterior Denonvilliers Plane,Left Seminal Vesicle & Walsh Bundles
11:12,assets/frames/frame_t000672000ms_000225.jpg,instrument tip,points toward,source-labeled anatomical area,Left seminal vesicle reference,frame_visual_review,Anterior Denonvilliers Plane,Left Seminal Vesicle
11:15,assets/frames/frame_t000675000ms_000226.jpg,scissors / energy,incises,Denonvilliers fascia,Left seminal vesicle reference,pipeline_simulated_activity_model,Anterior Denonvilliers Plane,Left Seminal Vesicle & Walsh Bundles
11:18,assets/frames/frame_t000678000ms_000227.jpg,scissors / energy,incises,Denonvilliers fascia,Left seminal vesicle reference,pipeline_simulated_activity_model,Anterior Denonvilliers Plane,Left Seminal Vesicle & Walsh Bundles
11:21,assets/frames/frame_t000681000ms_000228.jpg,scissors / energy,incises,Denonvilliers fascia,Left seminal vesicle reference,pipeline_simulated_activity_model,Anterior Denonvilliers Plane,Left Seminal Vesicle & Walsh Bundles
11:24,assets/frames/frame_t000684000ms_000229.jpg,scissors / energy,incises,Denonvilliers fascia,Left seminal vesicle reference,pipeline_simulated_activity_model,Anterior Denonvilliers Plane,Left Seminal Vesicle & Walsh Bundles
11:27,assets/frames/frame_t000687000ms_000230.jpg,scissors / energy,incises,Denonvilliers fascia,Left seminal vesicle reference,pipeline_simulated_activity_model,Anterior Denonvilliers Plane,Left Seminal Vesicle & Walsh Bundles
11:30,assets/frames/frame_t000690000ms_000231.jpg,scissors / energy,incises,Denonvilliers fascia,Left seminal vesicle reference,pipeline_simulated_activity_model,Anterior Denonvilliers Plane,Left Seminal Vesicle & Walsh Bundles
11:33,assets/frames/frame_t000693000ms_000232.jpg,scissors / energy,incises,Denonvilliers fascia,Left seminal vesicle reference,pipeline_simulated_activity_model,Anterior Denonvilliers Plane,Left Seminal Vesicle & Walsh Bundles
11:36,assets/frames/frame_t000696000ms_000233.jpg,scissors / energy,incises,Denonvilliers fascia,Left seminal vesicle reference,pipeline_simulated_activity_model,Anterior Denonvilliers Plane,Left Seminal Vesicle & Walsh Bundles
11:39,assets/frames/frame_t000699000ms_000234.jpg,scissors / energy,incises,Denonvilliers fascia,Left seminal vesicle reference,pipeline_simulated_activity_model,Anterior Denonvilliers Plane,Left Seminal Vesicle & Walsh Bundles
11:42,assets/frames/frame_t000702000ms_000235.jpg,scissors / energy,incises,Denonvilliers fascia,Left seminal vesicle reference,pipeline_simulated_activity_model,Anterior Denonvilliers Plane,Left Seminal Vesicle & Walsh Bundles
11:45,assets/frames/frame_t000705000ms_000236.jpg,scissors / energy,incises,Denonvilliers fascia,Left seminal vesicle reference,pipeline_simulated_activity_model,Anterior Denonvilliers Plane,Left Seminal Vesicle & Walsh Bundles
11:48,assets/frames/frame_t000708000ms_000237.jpg,instrument tip,approaches,white source-outlined region,Pelvic tissue plane reference,frame_visual_review,Distal Perirectal Safe Window,Levator Ani Muscle & Deep Venous Plexus
11:51,assets/frames/frame_t000711000ms_000238.jpg,scissors / energy,incises,Denonvilliers fascia,Left seminal vesicle reference,pipeline_simulated_activity_model,Anterior Denonvilliers Plane,Left Seminal Vesicle & Walsh Bundles
11:54,assets/frames/frame_t000714000ms_000239.jpg,scissors / energy,incises,Denonvilliers fascia,Left seminal vesicle reference,pipeline_simulated_activity_model,Anterior Denonvilliers Plane,Left Seminal Vesicle & Walsh Bundles
11:57,assets/frames/frame_t000717000ms_000240.jpg,instrument tip,points toward,white source-outlined region,Pelvic tissue plane reference,frame_visual_review,Rectal Bare Muscularis Window,Bladder Base & Inferior Hypogastric Plexus
12:00,assets/frames/frame_t000720000ms_000241.jpg,scissors / energy,incises,Denonvilliers fascia,Left seminal vesicle reference,pipeline_simulated_activity_model,Anterior Denonvilliers Plane,Left Seminal Vesicle & Walsh Bundles
12:03,assets/frames/frame_t000723000ms_000242.jpg,instrument tip,approaches,tissue surface,Pelvic tissue plane exploration,frame_visual_review,Supralevator Surgical Margin,External Anal Sphincter & Pudendal Corridor
12:06,assets/frames/frame_t000726000ms_000243.jpg,articulated grasper,clears,distal rectal muscularis,Pelvic tissue plane exploration,pipeline_simulated_activity_model,Supralevator Surgical Margin,External Anal Sphincter & Levator Ani
12:09,assets/frames/frame_t000729000ms_000244.jpg,articulated grasper,clears,distal rectal muscularis,Pelvic tissue plane exploration,pipeline_simulated_activity_model,Supralevator Surgical Margin,External Anal Sphincter & Levator Ani
12:12,assets/frames/frame_t000732000ms_000245.jpg,articulated grasper,clears,distal rectal muscularis,Pelvic tissue plane exploration,pipeline_simulated_activity_model,Supralevator Surgical Margin,External Anal Sphincter & Levator Ani
12:15,assets/frames/frame_t000735000ms_000246.jpg,articulated grasper,clears,distal rectal muscularis,Pelvic tissue plane exploration,pipeline_simulated_activity_model,Supralevator Surgical Margin,External Anal Sphincter & Levator Ani
12:18,assets/frames/frame_t000738000ms_000247.jpg,articulated grasper,clears,distal rectal muscularis,Pelvic tissue plane exploration,pipeline_simulated_activity_model,Supralevator Surgical Margin,External Anal Sphincter & Levator Ani
12:21,assets/frames/frame_t000741000ms_000248.jpg,articulated grasper,clears,distal rectal muscularis,Pelvic tissue plane exploration,pipeline_simulated_activity_model,Supralevator Surgical Margin,External Anal Sphincter & Levator Ani
12:24,assets/frames/frame_t000744000ms_000249.jpg,articulated grasper,clears,distal rectal muscularis,Pelvic tissue plane exploration,pipeline_simulated_activity_model,Supralevator Surgical Margin,External Anal Sphincter & Levator Ani
12:27,assets/frames/frame_t000747000ms_000250.jpg,articulated grasper,clears,distal rectal muscularis,Pelvic tissue plane exploration,pipeline_simulated_activity_model,Supralevator Surgical Margin,External Anal Sphincter & Levator Ani
12:30,assets/frames/frame_t000750000ms_000251.jpg,photograph,shows,exteriorized specimen,Specimen exteriorization / educational slide,frame_visual_review,N/A (Slide),N/A (Slide)
12:33,assets/frames/frame_t000753000ms_000252.jpg,photograph,shows,exteriorized resected specimen,Specimen exteriorization / educational slide,pipeline_simulated_activity_model,N/A (Slide),N/A (Slide)
12:36,assets/frames/frame_t000756000ms_000253.jpg,photograph,shows,exteriorized resected specimen,Specimen exteriorization / educational slide,pipeline_simulated_activity_model,N/A (Slide),N/A (Slide)
12:39,assets/frames/frame_t000759000ms_000254.jpg,photograph,shows,exteriorized resected specimen,Specimen exteriorization / educational slide,pipeline_simulated_activity_model,N/A (Slide),N/A (Slide)
12:42,assets/frames/frame_t000762000ms_000255.jpg,two graspers,manipulate,tissue,Later operative tissue handling,frame_visual_review,Colonic Conduit Safe Plane,Mesenteric Vascular Arcade Tension Point
12:45,assets/frames/frame_t000765000ms_000256.jpg,laparoscopic probe,inspects,colorectal anastomotic line,Later operative tissue handling,pipeline_simulated_activity_model,Colonic Conduit Safe Plane,Mesenteric Vascular Arcade Tension Point
12:48,assets/frames/frame_t000768000ms_000257.jpg,laparoscopic probe,inspects,colorectal anastomotic line,Later operative tissue handling,pipeline_simulated_activity_model,Colonic Conduit Safe Plane,Mesenteric Vascular Arcade Tension Point
12:51,assets/frames/frame_t000771000ms_000258.jpg,laparoscopic probe,inspects,colorectal anastomotic line,Later operative tissue handling,pipeline_simulated_activity_model,Colonic Conduit Safe Plane,Mesenteric Vascular Arcade Tension Point
12:54,assets/frames/frame_t000774000ms_000259.jpg,laparoscopic probe,inspects,colorectal anastomotic line,Later operative tissue handling,pipeline_simulated_activity_model,Colonic Conduit Safe Plane,Mesenteric Vascular Arcade Tension Point
12:57,assets/frames/frame_t000777000ms_000260.jpg,probe,extends into,operative cavity,Later operative cavity view,frame_visual_review,Pelvic Hemostasis & Drainage Plane,Deep Pelvic Autonomic Trunks & Sacral Bed
13:00,assets/frames/frame_t000780000ms_000261.jpg,laparoscopic probe,inspects,colorectal anastomotic line,Later operative tissue handling,pipeline_simulated_activity_model,Colonic Conduit Safe Plane,Mesenteric Vascular Arcade Tension Point
13:03,assets/frames/frame_t000783000ms_000262.jpg,laparoscopic probe,inspects,colorectal anastomotic line,Later operative tissue handling,pipeline_simulated_activity_model,Colonic Conduit Safe Plane,Mesenteric Vascular Arcade Tension Point
13:06,assets/frames/frame_t000786000ms_000263.jpg,laparoscopic probe,inspects,colorectal anastomotic line,Later operative tissue handling,pipeline_simulated_activity_model,Colonic Conduit Safe Plane,Mesenteric Vascular Arcade Tension Point
13:09,assets/frames/frame_t000789000ms_000264.jpg,laparoscopic probe,inspects,colorectal anastomotic line,Later operative tissue handling,pipeline_simulated_activity_model,Colonic Conduit Safe Plane,Mesenteric Vascular Arcade Tension Point
13:12,assets/frames/frame_t000792000ms_000265.jpg,laparoscopic probe,inspects,colorectal anastomotic line,Later operative tissue handling,pipeline_simulated_activity_model,Colonic Conduit Safe Plane,Mesenteric Vascular Arcade Tension Point
13:15,assets/frames/frame_t000795000ms_000266.jpg,laparoscopic probe,inspects,colorectal anastomotic line,Later operative tissue handling,pipeline_simulated_activity_model,Colonic Conduit Safe Plane,Mesenteric Vascular Arcade Tension Point
13:18,assets/frames/frame_t000798000ms_000267.jpg,laparoscopic probe,inspects,colorectal anastomotic line,Later operative tissue handling,pipeline_simulated_activity_model,Colonic Conduit Safe Plane,Mesenteric Vascular Arcade Tension Point
13:21,assets/frames/frame_t000801000ms_000268.jpg,laparoscopic probe,inspects,colorectal anastomotic line,Later operative tissue handling,pipeline_simulated_activity_model,Colonic Conduit Safe Plane,Mesenteric Vascular Arcade Tension Point
13:24,assets/frames/frame_t000804000ms_000269.jpg,laparoscopic probe,inspects,colorectal anastomotic line,Later operative tissue handling,pipeline_simulated_activity_model,Colonic Conduit Safe Plane,Mesenteric Vascular Arcade Tension Point
13:27,assets/frames/frame_t000807000ms_000270.jpg,closing slide,summarizes,laparoscopic anterior resection,Procedure conclusion & case debrief,pipeline_simulated_activity_model,N/A (Slide),N/A (Slide)
13:30,assets/frames/frame_t000810000ms_000271.jpg,closing slide,summarizes,laparoscopic anterior resection,Procedure conclusion & case debrief,pipeline_simulated_activity_model,N/A (Slide),N/A (Slide)
13:33,assets/frames/frame_t000813000ms_000272.jpg,closing slide,summarizes,laparoscopic anterior resection,Procedure conclusion & case debrief,pipeline_simulated_activity_model,N/A (Slide),N/A (Slide)
13:36,assets/frames/frame_t000816000ms_000273.jpg,closing slide,summarizes,laparoscopic anterior resection,Procedure conclusion & case debrief,pipeline_simulated_activity_model,N/A (Slide),N/A (Slide)
13:39,assets/frames/frame_t000819000ms_000274.jpg,closing slide,summarizes,laparoscopic anterior resection,Procedure conclusion & case debrief,pipeline_simulated_activity_model,N/A (Slide),N/A (Slide)
13:42,assets/frames/frame_t000822000ms_000275.jpg,closing slide,summarizes,laparoscopic anterior resection,Procedure conclusion & case debrief,pipeline_simulated_activity_model,N/A (Slide),N/A (Slide)
